[
  {
    "id": 1,
    "priority": 1,
    "action": {
      "type": "modifyHeaders",
      "responseHeaders": [
        {
          "header": "Content-Security-Policy",
          "operation": "remove"
        }
      ]
    },
    "condition": {
      "regexFilter": "^https://(chat\\.openai\\.com|chatgpt\\.com)/",
      "resourceTypes": [
        "main_frame"
      ]
    }
  },
  {
    "id": 2,
    "priority": 1,
    "action": {
      "type": "redirect",
      "redirect": {
        "extensionPath": "/permissions.html"
      }
    },
    "condition": {
      "urlFilter": "||chat.openai.com/MARCI*",
      "resourceTypes": [
        "main_frame"
      ]
    }
  }
]